Word,Frequency
gatsby,268
tom,191
daisy,186
one,154
like,122
man,114
back,109
came,108
been,107
just,103
d,103
know,100
now,100
don,98
gutenberg,98
house,95
before,94
went,91
project,90
after,89
eyes,89
old,86
didn,85
looked,85
come,85
got,85
mr,84
see,84
time,83
your,78
away,78
way,77
wilson,77
ll,77
m,76
get,75
night,73
car,73
jordan,73
new,73
two,73
room,71
go,71
going,70
around,70
well,70
moment,70
through,68
something,68
door,68
people,66
think,65
ve,65
never,64
turned,64
hand,63
long,63
made,63
re,63
want,59
voice,58
first,56
work,56
face,55
knew,54
right,54
look,52
saw,52
began,50
while,50
even,49
took,48
thought,48
girl,48
white,47
sport,47
toward,47
half,47
1,46
last,45
off,45
young,45
day,45
told,45
heard,44
name,43
men,43
until,43
oh,43
asked,43
afternoon,42
light,42
must,42
left,41
baker,40
west,40
head,40
years,40
hour,40
suddenly,40
wasn,39
seemed,39
miss,38
three,38
let,38
say,38
hands,38
found,38
small,36
thing,36
five,36
next,36
though,35
tell,35
world,35
york,35
nothing,35
upon,35
looking,35
without,35
minute,35
full,34
egg,34
always,34
alone,34
table,33
against,33
works,33
o,32
clock,32
sat,32
things,32
wolfshiem,32
mrs,31
front,31
seen,31
along,31
cried,31
together,31
life,31
great,31
still,31
morning,30
make,30
good,30
sound,30
himself,29
side,29
anything,29
called,29
ever,28
couldn,28
take,28
garage,28
every,28
stood,28
wanted,27
moved,27
electronic,27
might,27
home,27
money,26
four,26
gave,26
inquired,26
across,26
air,25
garden,25
foundation,25
everything,25
dark,25
started,25
later,25
open,25
rather,25
hot,25
set,24
almost,24
married,24
between,24
terms,24
felt,24
steps,24
god,24
nick,24
love,24
hear,24
word,24
demanded,24
myrtle,23
wife,23
east,23
broke,23
course,23
lawn,23
sort,23
feet,23
e,23
gone,23
walked,23
days,23
town,22
give,22
end,22
michaelis,22
matter,22
use,22
yellow,22
wouldn,22
buchanan,22
hair,22
party,21
hadn,21
blue,21
drive,21
beside,21
year,21
met,21
put,21
may,21
place,21
except,21
woman,21
road,21
rose,21
among,21
chicago,20
dog,20
evening,20
stopped,20
butler,20
used,20
body,20
trying,20
states,20
copyright,20
girls,20
fact,20
windows,20
agreement,20
loved,20
city,20
inside,19
business,19
ago,19
heart,19
perhaps,19
office,19
hard,19
window,19
big,19
tried,19
summer,19
dress,19
idea,19
telephone,19
haven,19
chair,19
better,18
happened,18
call,18
dozen,18
itself,18
behind,18
slowly,18
passed,18
license,18
far,18
outside,18
friend,18
copy,18
mean,18
several,18
doesn,18
ought,18
brought,18
remember,18
island,18
high,18
somebody,18
grey,18
opened,17
answered,17
past,17
times,17
myself,17
fell,17
shook,17
find,17
won,17
rain,17
whole,17
person,17
sitting,17
talked,17
sure,17
sent,17
green,17
bright,16
expression,16
coat,16
women,16
already,16
insisted,16
nodded,16
bed,16
believe,16
porch,16
waited,16
standing,16
arrived,16
live,16
bought,16
street,16
immediately,16
being,16
mckee,16
am,16
certain,15
floor,15
tomorrow,15
ask,15
speak,15
isn,15
hall,15
stared,15
united,15
words,15
laughed,15
suppose,15
followed,15
cody,15
least,15
glanced,15
drove,15
really,15
short,15
family,15
donations,15
wait,15
getting,15
close,15
effort,15
arm,15
anyone,15
reached,15
quickly,15
enough,15
leaned,15
understand,15
train,15
pretty,14
suggested,14
cold,14
held,14
george,14
week,14
mouth,14
oxford,14
f,14
book,14
explained,14
cool,14
minutes,14
stop,14
pale,14
either,14
sometimes,14
sun,14
change,14
crazy,14
read,14
trademark,14
suit,14
literary,14
policeman,14
cars,14
someone,14
trees,14
longer,14
heat,14
hundred,14
catherine,14
husband,14
care,14
ran,13
sight,13
sit,13
dinner,13
laughter,13
archive,13
late,13
whispered,13
leaving,13
lay,13
lunch,13
pulled,13
keep,13
information,13
continued,13
deep,13
shoulder,13
forward,13
picture,13
added,13
taking,13
arms,13
anyhow,13
sister,13
ebook,13
grass,13
war,13
nice,13
please,13
part,13
wind,13
boy,13
finally,13
smiled,13
play,12
talk,12
hurried,12
start,12
middle,12
crowd,12
fifty,12
including,12
dead,12
raised,12
faces,12
single,12
run,12
mine,12
nose,12
kept,12
jay,12
second,12
leave,12
killed,12
somewhere,12
pool,12
turning,12
less,12
curious,12
since,12
doing,12
known,12
surprised,12
forever,12
coupé,12
phone,12
drink,12
remarked,12
line,11
tea,11
wet,11
warm,11
coloured,11
couch,11
laws,11
making,11
rest,11
wall,11
having,11
lips,11
station,11
glad,11
sick,11
asleep,11
quality,11
gatz,11
large,11
kind,11
repeated,11
rooms,11
library,11
wild,11
black,11
mind,11
bad,11
beyond,11
lived,11
real,11
forth,11
3,11
lights,11
parties,11
story,11
paragraph,11
enormous,11
fine,11
saying,11
silver,11
fingers,11
lost,11
voices,11
conversation,10
father,10
glass,10
moving,10
rang,10
physical,10
wonder,10
happen,10
driving,10
doctor,10
breath,10
silence,10
sloane,10
mother,10
faintly,10
feel,10
dust,10
within,10
college,10
spoke,10
gold,10
move,10
access,10
coming,10
broken,10
refund,10
talking,10
help,10
forget,10
lot,10
lovely,10
everyone,10
point,10
agreed,10
everybody,10
thirty,10
carraway,10
forgotten,10
question,10
wheel,10
low,10
romantic,10
wants,10
trembling,10
remembered,10
aware,10
upstairs,10
taken,10
turn,10
funny,10
kitchen,9
whose,9
answer,9
accepted,9
org,9
www,9
watch,9
country,9
sea,9
wire,9
included,9
confused,9
touch,9
became,9
child,9
scene,9
meet,9
exclaimed,9
sky,9
poor,9
red,9
stand,9
stayed,9
goodbye,9
beat,9
occurred,9
terrible,9
nobody,9
weeks,9
agree,9
corner,9
beach,9
hardly,9
feeling,9
pause,9
trouble,9
twilight,9
complete,9
drew,9
living,9
eagerly,9
taxi,9
walking,9
series,9
following,9
church,9
yet,9
free,9
often,9
names,9
familiar,9
biloxi,9
shadow,9
named,9
drunk,9
however,9
twenty,9
presence,9
changed,9
hope,9
afraid,9
unfamiliar,9
moon,9
rich,9
associated,9
darkness,9
murmur,9
true,9
slightly,9
laugh,9
hesitated,9
eat,9
ear,9
holding,9
sleep,9
chauffeur,9
listen,9
flat,8
neither,8
particular,8
faded,8
shape,8
calling,8
music,8
houses,8
bay,8
politely,8
water,8
strained,8
dim,8
absolutely,8
thin,8
fool,8
evidently,8
try,8
impression,8
whereupon,8
pushed,8
closed,8
dreams,8
whenever,8
smile,8
00,8
opening,8
sad,8
paid,8
ten,8
future,8
june,8
leaves,8
gay,8
son,8
copies,8
hello,8
state,8
reach,8
flowers,8
dan,8
thick,8
gate,8
crowded,8
clothes,8
weren,8
months,8
silent,8
faint,8
soft,8
colour,8
certainly,8
thinking,8
subject,8
invited,8
foot,8
buy,8
lady,8
interested,8
noon,8
during,8
given,8
sorry,8
village,8
died,8
human,8
quite,8
ebooks,8
fee,8
friends,8
phrase,8
caught,8
supper,8
filled,8
limited,8
impatiently,7
fellow,7
control,7
interrupted,7
till,7
fantastic,7
says,7
remark,7
section,7
excited,7
solemn,7
best,7
beautiful,7
wrong,7
montenegro,7
scarcely,7
cheerful,7
brown,7
wide,7
anybody,7
show,7
meyer,7
police,7
apartment,7
urged,7
park,7
month,7
golf,7
lower,7
excitement,7
vanished,7
played,7
herself,7
hours,7
realized,7
shirts,7
number,7
whisky,7
disappeared,7
beauty,7
edge,7
klipspringer,7
object,7
coffee,7
secret,7
neighbour,7
dollars,7
hotel,7
below,7
newspaper,7
near,7
believed,7
yourself,7
today,7
b,7
order,7
louisville,7
fresh,7
also,7
beginning,7
form,7
sharp,7
drawing,7
servants,7
threw,7
glance,7
else,7
medium,7
looks,7
waiting,7
jumped,7
dropped,7
blew,7
engaged,7
4,7
5,7
letter,7
books,7
champagne,7
children,7
u,7
law,7
distributing,7
guests,7
contact,7
overhead,7
host,7
abruptly,7
ash,7
above,7
eckleburg,7
request,7
driver,7
provide,7
sharply,7
located,7
using,6
confusion,6
cry,6
distribute,6
permission,6
backward,6
polite,6
j,6
supposed,6
stretched,6
ashes,6
grotesque,6
tears,6
suggestion,6
mistake,6
lucille,6
pair,6
6,6
8,6
incessantly,6
dawn,6
cannot,6
notice,6
curtains,6
loud,6
moonlight,6
whatever,6
invisible,6
mint,6
shining,6
bridge,6
staring,6
funeral,6
understood,6
floated,6
song,6
liked,6
heaps,6
hold,6
instead,6
ghostly,6
tree,6
affair,6
de,6
ice,6
kissed,6
downstairs,6
movements,6
stiff,6
rested,6
nineteen,6
appeared,6
piece,6
accident,6
rosy,6
bound,6
strange,6
forty,6
grew,6
guessed,6
dream,6
step,6
stay,6
pink,6
view,6
drawn,6
wondered,6
orchestra,6
casually,6
provided,6
leaning,6
damp,6
support,6
james,6
dresses,6
trust,6
thousand,6
singing,6
promise,6
dance,6
circle,6
early,6
dressed,6
row,6
probably,6
movement,6
apparently,6
finding,6
distance,6
bottle,6
helped,6
figure,6
afterward,6
history,6
muttered,6
address,6
hundreds,6
sounded,6
spring,6
beneath,6
obviously,6
self,6
able,6
assured,6
american,6
reason,6
eyed,6
fall,6
discovered,6
shaking,6
six,6
goes,6
lavender,6
gas,6
returned,6
autumn,6
attention,6
truth,6
owl,6
tax,6
pleasant,6
objected,6
present,6
casual,6
nervous,6
charge,6
distribution,6
comply,6
pardon,6
soon,6
nine,6
become,5
news,5
worried,5
list,5
shoes,5
slender,5
produced,5
violently,5
pieces,5
chance,5
enchanted,5
walk,5
constant,5
case,5
difference,5
hat,5
snapped,5
tone,5
donate,5
replacement,5
convinced,5
carry,5
memory,5
uniform,5
nurse,5
knows,5
golden,5
france,5
drugstore,5
tight,5
alive,5
waiter,5
pay,5
picked,5
sunlight,5
card,5
gradually,5
lake,5
polo,5
lap,5
neck,5
shot,5
baedeker,5
saturday,5
aloud,5
emotion,5
towards,5
expected,5
elaborate,5
gardens,5
brick,5
mile,5
cut,5
rushed,5
waved,5
drifted,5
doubt,5
drank,5
bedroom,5
elevator,5
gathered,5
automobiles,5
begun,5
embarrassment,5
star,5
cigarettes,5
reluctant,5
photograph,5
removed,5
upper,5
definitely,5
lifted,5
various,5
grave,5
army,5
straw,5
age,5
glasses,5
running,5
ride,5
cousin,5
immediate,5
death,5
follow,5
intimate,5
thrilling,5
leather,5
innocently,5
shore,5
persistent,5
act,5
corners,5
superior,5
bond,5
glowing,5
vitality,5
maybe,5
gorgeous,5
vague,5
common,5
means,5
connection,5
cigarette,5
movies,5
spot,5
mansion,5
receiver,5
yacht,5
excitedly,5
mounted,5
concealed,5
general,5
quiet,5
seven,5
informed,5
marble,5
group,5
wedding,5
ahead,5
careless,5
blind,5
covered,5
restaurant,5
top,5
remained,5
others,5
pick,5
force,5
murmured,5
throw,5
interesting,5
changing,5
twelve,5
canvas,5
stepped,5
h,5
shock,5
interest,5
restless,5
enjoyed,5
ground,5
husky,5
piano,5
gardener,5
meant,5
ale,5
damned,5
position,5
jimmy,5
c,5
watched,5
touching,5
startled,5
sudden,5
stars,5
pockets,5
emerged,5
beating,5
yard,5
touched,5
important,5
personal,5
individual,5
mixed,5
7,5
30,5
incredulously,5
cocktails,5
thanks,5
lie,5
keeping,5
continually,5
different,5
compliance,5
intensity,5
freely,5
hastily,5
surprise,5
excuse,5
comes,5
violent,5
lying,5
shoulders,5
throwing,5
square,5
protected,5
beg,5
spread,5
midnight,5
groaning,5
anywhere,5
check,5
volunteers,5
received,5
cost,4
hulking,4
hate,4
drift,4
avenue,4
locked,4
milk,4
broadway,4
gentleman,4
efforts,4
game,4
french,4
requirements,4
providing,4
fees,4
holder,4
posted,4
distributed,4
finger,4
plan,4
chatter,4
slid,4
swimming,4
raw,4
tower,4
costume,4
pride,4
july,4
yards,4
creating,4
mission,4
collection,4
status,4
presently,4
format,4
displaying,4
tip,4
sinister,4
chester,4
pursued,4
colossal,4
places,4
huge,4
perfect,4
pump,4
apart,4
shows,4
9,4
v,4
editions,4
profound,4
stuff,4
utterly,4
race,4
copying,4
curiosity,4
drawer,4
official,4
worked,4
awful,4
entered,4
breaking,4
pointing,4
private,4
europe,4
carried,4
slow,4
nodding,4
themselves,4
demand,4
pointed,4
pressed,4
advertisement,4
ones,4
sprang,4
land,4
od,4
anxiously,4
boys,4
links,4
announced,4
tonight,4
wan,4
north,4
wiped,4
wreck,4
visible,4
absolute,4
walter,4
ga,4
nor,4
wondering,4
bring,4
yale,4
nights,4
reading,4
intention,4
giving,4
wagon,4
christmas,4
manner,4
machine,4
sunshine,4
dressing,4
grow,4
main,4
sunday,4
interior,4
sold,4
third,4
deal,4
unless,4
drop,4
service,4
higher,4
rhythm,4
popular,4
glistening,4
gets,4
yawned,4
dusk,4
ended,4
somehow,4
helplessly,4
note,4
crossed,4
company,4
luncheon,4
wandered,4
circumstances,4
breakfast,4
weather,4
necessary,4
direction,4
ordered,4
eternal,4
trains,4
return,4
flushed,4
shortly,4
decisively,4
desolate,4
sank,4
lawns,4
season,4
bent,4
assumed,4
pages,4
speaking,4
printed,4
dancing,4
bit,4
roosevelt,4
increased,4
decided,4
harsh,4
aside,4
drugstores,4
quick,4
impassioned,4
blankly,4
happy,4
jazz,4
hydroplane,4
quarter,4
reminded,4
papers,4
broad,4
smoke,4
parents,4
madame,4
share,4
railroad,4
dock,4
angry,4
wives,4
simply,4
belonged,4
introduction,4
likely,4
determined,4
suspected,4
merely,4
absorbed,4
written,4
earth,4
store,4
amount,4
gaiety,4
questions,4
tipped,4
gesture,4
jersey,4
dignified,4
miles,4
hill,4
extraordinary,4
nearly,4
vaguely,4
surprising,4
kiss,4
vivid,4
desk,4
lit,4
lighted,4
admitted,4
statement,4
straight,4
gleaming,4
seem,4
veranda,4
nevertheless,4
writing,4
bells,4
empty,4
aunt,4
completely,4
forgot,4
motor,4
frightened,4
embarrassed,4
fifth,4
strolled,4
panic,4
r,4
gravel,4
scorn,4
gives,4
youth,4
eight,4
finn,4
need,4
usually,4
mentioned,4
instinct,4
rise,4
attempt,4
possessed,4
parted,4
aren,4
worn,4
listening,4
blown,4
oughtn,4
boat,4
pocket,4
slowed,4
tragic,4
described,4
invite,4
tired,4
fire,4
corrected,4
thrown,4
paper,4
rock,4
starting,4
sentence,4
stranger,4
rear,4
sidewalk,4
sentimental,4
england,4
oggsford,4
opportunity,4
fixed,4
tut,4
uneasy,4
snow,4
em,4
p,4
charming,4
balancing,4
chin,4
mad,4
central,4
plaza,4
seventeen,4
paying,4
admired,4
instant,4
realize,4
string,4
spent,4
swinging,4
ladies,4
entirely,4
bath,4
basket,4
website,4
owner,4
date,4
damages,4
online,4
parts,3
defective,3
equipment,3
disclaimer,3
liability,3
defect,3
applicable,3
payments,3
dogs,3
tapped,3
performing,3
2,3
awed,3
longest,3
absence,3
civilization,3
unexpected,3
innumerable,3
incessant,3
hovered,3
intense,3
intently,3
vicinity,3
dumb,3
1919,3
hint,3
asserted,3
officer,3
pearls,3
south,3
ripped,3
absurd,3
barbara,3
santa,3
dull,3
october,3
opposite,3
camp,3
officers,3
older,3
limousine,3
founded,3
handed,3
metropole,3
highballs,3
gonnegtion,3
length,3
shut,3
sense,3
repeat,3
directly,3
buttons,3
belong,3
jerk,3
yeah,3
safe,3
cap,3
wallet,3
tournament,3
knee,3
magazine,3
page,3
telling,3
finished,3
hers,3
clear,3
shrubbery,3
wires,3
emotions,3
chain,3
woke,3
absently,3
educated,3
incredulous,3
rubies,3
character,3
major,3
contemptuous,3
snap,3
moments,3
stairs,3
fully,3
metal,3
glimpse,3
elevated,3
mystery,3
wish,3
built,3
g,3
reaction,3
exempt,3
swollen,3
arrange,3
confirmed,3
lots,3
spend,3
warned,3
contain,3
sign,3
ecstatic,3
express,3
increasing,3
pressure,3
haunted,3
devil,3
flipped,3
ceiling,3
momentarily,3
decade,3
material,3
throat,3
mirror,3
fallen,3
scepticism,3
tribute,3
tangible,3
perfectly,3
vigil,3
civet,3
winter,3
guest,3
objects,3
flattered,3
incident,3
newspapers,3
brakes,3
deliberately,3
careful,3
breeze,3
space,3
rush,3
bootlegger,3
alongshore,3
hospitality,3
folds,3
timetable,3
clerks,3
affairs,3
enter,3
satisfaction,3
rumours,3
flower,3
automatically,3
bedrooms,3
plum,3
odour,3
study,3
hung,3
yachting,3
stables,3
situation,3
shrill,3
swaying,3
horns,3
ideas,3
wings,3
possibly,3
muffled,3
clouds,3
falling,3
save,3
fault,3
carrying,3
vast,3
conception,3
cared,3
guess,3
flow,3
halfway,3
promised,3
shake,3
lingered,3
generations,3
western,3
significance,3
sir,3
considerable,3
clan,3
indignantly,3
infinitely,3
uncertain,3
ah,3
wake,3
calmly,3
baby,3
wreath,3
bird,3
outdoors,3
eluded,3
clean,3
sports,3
formed,3
knowing,3
actual,3
famous,3
brother,3
fight,3
sing,3
reluctance,3
secure,3
italian,3
opinion,3
rising,3
drinking,3
skin,3
ready,3
naturally,3
capacity,3
brain,3
physically,3
fields,3
destiny,3
property,3
kaye,3
ella,3
exciting,3
centre,3
counter,3
hoped,3
irresistible,3
faced,3
failed,3
forms,3
valley,3
track,3
special,3
palace,3
effect,3
tostoff,3
heads,3
involuntarily,3
content,3
learn,3
universe,3
legal,3
liquor,3
delighted,3
grown,3
player,3
bending,3
stuck,3
watching,3
shadows,3
radiant,3
verge,3
infantry,3
suits,3
eighteen,3
practical,3
sixty,3
beads,3
undergraduate,3
join,3
served,3
whisper,3
shivered,3
enthusiasm,3
stir,3
regular,3
granted,3
ragged,3
gravely,3
sober,3
liable,3
begin,3
welcome,3
purposeless,3
remarks,3
halt,3
unutterable,3
faster,3
telephoned,3
especially,3
relieved,3
bend,3
breathless,3
alert,3
glancing,3
annoyed,3
addressed,3
doorway,3
waving,3
send,3
frowned,3
complained,3
actually,3
burst,3
peculiar,3
intended,3
rules,3
finnish,3
noticed,3
ease,3
easy,3
bonds,3
electric,3
elbow,3
sauntered,3
mistress,3
boots,3
power,3
courage,3
stable,3
introduced,3
gust,3
daddy,3
loves,3
towel,3
hell,3
investigation,3
keenly,3
breathing,3
meaning,3
purpose,3
julep,3
raced,3
sweat,3
fainted,3
habit,3
cause,3
seeing,3
pantry,3
untrue,3
confirmation,3
approached,3
key,3
hush,3
dances,3
worse,3
instantly,3
scolding,3
promising,3
n,3
horse,3
loneliness,3
sand,3
wrote,3
lemons,3
oranges,3
bar,3
fast,3
cocktail,3
playing,3
violence,3
mention,3
whether,3
proprietor,3
apartments,3
bare,3
sell,3
searched,3
remain,3
dry,3
mattered,3
accidental,3
thinning,3
stopping,3
goin,3
glow,3
breathlessly,3
perceptible,3
unusual,3
incoherent,3
owns,3
decision,3
damn,3
worth,3
hesitation,3
compelled,3
tense,3
enthusiastically,3
cheek,3
handkerchief,3
silk,3
artificial,3
shouted,3
frowning,3
candles,3
nod,3
bored,3
bizarre,3
source,3
crushed,3
surprisingly,3
shoe,3
stout,3
argument,3
celebrated,3
borrowed,3
simultaneously,3
streets,3
handsome,3
younger,3
15,3
minister,3
wear,3
derivative,3
complying,3
royalties,3
difficulty,3
leash,3
created,3
needed,3
mattress,3
reports,3
towns,3
marked,3
implied,3
dear,3
based,3
standard,3
public,3
entity,3
obtain,3
sheer,3
phase,3
hips,3
lightly,3
orders,3
scared,3
gasoline,3
tray,3
eye,3
riding,3
user,3
exactly,3
doubtfully,3
wealthy,3
bore,3
earnestly,3
warranties,3
bother,3
airedale,3
buchanans,3
national,3
bureau,3
box,3
eyebrows,3
powdered,3
drifting,3
armistice,3
flashed,3
thinks,3
bloomed,3
crimson,3
limitation,3
bitch,3
furniture,3
doors,3
resolved,3
blurred,3
cream,3
tattle,3
additional,3
paragraphs,3
royalty,3
federal,2
email,2
contributions,2
computers,2
widest,2
readable,2
permitted,2
desire,2
marrying,2
accusingly,2
electronically,2
lieu,2
explanation,2
receive,2
expenses,2
costs,2
breach,2
disappointment,2
plunged,2
peered,2
kinds,2
reproach,2
updated,2
recently,2
warranty,2
damage,2
computer,2
90,2
accordance,2
receipt,2
prepare,2
january,2
fitzgerald,2
ends,2
permanent,2
wherever,2
cute,2
catching,2
delicately,2
concerned,2
scott,2
specified,2
ascii,2
vanilla,2
plain,2
hurt,2
impersonal,2
gotten,2
copied,2
prominently,2
mckees,2
haughtily,2
cutting,2
generation,2
forest,2
football,2
disappointed,2
sadness,2
references,2
obtaining,2
destroy,2
intellectual,2
redistributing,2
active,2
concerning,2
acute,2
powerful,2
versailles,2
scenes,2
dining,2
beamed,2
hen,2
taxicabs,2
impressive,2
available,2
promoting,2
redistribution,2
research,2
iii,2
ii,2
transcription,2
domain,2
solid,2
platform,2
swung,2
begins,2
excellence,2
scientific,2
submerged,2
contemptuously,2
heavily,2
registered,2
concept,2
protect,2
current,2
lover,2
bounce,2
ix,2
viii,2
vii,2
english,2
meanwhile,2
biscuits,2
initiative,2
magazines,2
scandal,2
peter,2
simon,2
eyesore,2
bob,2
clearly,2
vi,2
iv,2
windy,2
arrive,2
reappeared,2
distorted,2
restoration,2
nature,2
jewellery,2
stretch,2
returning,2
cemetery,2
per,2
improving,2
resolves,2
diminished,2
science,2
winked,2
advice,2
horrible,2
proximity,2
consoling,2
lather,2
shaved,2
parke,2
appearing,2
thomas,2
drizzle,2
ceaselessly,2
september,2
etc,2
hasty,2
helpless,2
madman,2
vines,2
burning,2
proprietary,2
grief,2
message,2
photographers,2
thus,2
gad,2
ate,2
explanations,2
uncomfortably,2
couple,2
reply,2
flushing,2
rule,2
southampton,2
quieter,2
shame,2
beard,2
affected,2
interminable,2
cheap,2
drain,2
comment,2
orchids,2
penniless,2
redolent,2
committed,2
musty,2
frightening,2
chicken,2
crossing,2
tiptoed,2
tries,2
swept,2
chiffon,2
bill,2
passing,2
closest,2
pull,2
firmly,2
negro,2
momentary,2
seized,2
concentration,2
listened,2
affection,2
glazed,2
blanket,2
wrapped,2
deranged,2
comin,2
despair,2
level,2
newsstand,2
veiled,2
deferred,2
discreetly,2
fellas,2
shout,2
stored,2
loose,2
breast,2
gathering,2
laden,2
slip,2
raising,2
compliment,2
correction,2
suspicious,2
inquest,2
tiptoes,2
stroke,2
coward,2
dirty,2
intending,2
ghosts,2
isolated,2
alarmed,2
proud,2
sturdy,2
regarded,2
fifteen,2
squeezed,2
absorbing,2
remote,2
rapidly,2
bunch,2
ring,2
sob,2
waves,2
spree,2
sofa,2
affect,2
stupid,2
detail,2
nephew,2
montauk,2
studies,2
invented,2
ghost,2
haired,2
president,2
ea,2
cries,2
desperately,2
causing,2
ballroom,2
chords,2
portentous,2
judgements,2
reserve,2
tremendous,2
knocked,2
legs,2
walks,2
jumping,2
fashionable,2
shocked,2
catholic,2
unusually,2
exploded,2
compressed,2
yours,2
tossed,2
offered,2
slipped,2
unrolled,2
triumphantly,2
obscene,2
divorce,2
gulls,2
resemblance,2
identical,2
pretended,2
intermittent,2
consequence,2
suite,2
whistle,2
smoking,2
draw,2
consciously,2
exchanged,2
excused,2
overtaking,2
courtesy,2
honey,2
carlo,2
monte,2
breeding,2
considered,2
disquieting,2
guilty,2
protest,2
sensuous,2
deft,2
uttered,2
owe,2
inexplicable,2
suspicions,2
seats,2
blocked,2
footsteps,2
ashen,2
chairs,2
salt,2
jut,2
deeper,2
recognizable,2
hollow,2
nowadays,2
shade,2
seat,2
wearing,2
wrapping,2
savagely,2
begged,2
cracked,2
separated,2
contour,2
janitor,2
eleven,2
strangest,2
rented,2
morbid,2
blessed,2
refuse,2
clicked,2
sweet,2
cious,2
pre,2
sed,2
bles,2
meeting,2
poured,2
variety,2
inexhaustible,2
patent,2
gleam,2
hide,2
warmth,2
worry,2
happens,2
ceased,2
bothering,2
powder,2
indicating,2
hats,2
wiping,2
aggressively,2
appearance,2
established,2
natural,2
due,2
indicate,2
gazed,2
carpet,2
choose,2
afternoons,2
pigsty,2
reported,2
shirtwaist,2
suspiciously,2
expectantly,2
wisp,2
struggling,2
fragment,2
america,2
bow,2
collar,2
wave,2
subway,2
lied,2
blocks,2
mysterious,2
fix,2
sh,2
alertly,2
decency,2
dismissed,2
extinguished,2
working,2
slapping,2
rounded,2
sought,2
dilatory,2
path,2
audible,2
appears,2
attach,2
imagined,2
procession,2
owned,2
magic,2
bringing,2
fur,2
groaned,2
awoke,2
towels,2
appalled,2
attain,2
pebbles,2
starts,2
unsuccessfully,2
addresses,2
genially,2
oblivion,2
mumbled,2
doc,2
amused,2
particularly,2
consciousness,2
figures,2
accept,2
pervading,2
unpleasantness,2
commotion,2
director,2
shelf,2
grocery,2
underwear,2
soul,2
gratitude,2
impulse,2
invariably,2
realizing,2
profoundly,2
cigar,2
extra,2
moths,2
pennsylvania,2
besides,2
wail,2
sang,2
millions,2
indirectly,2
continent,2
lasted,2
hovering,2
pairs,2
savage,2
eastern,2
searching,2
st,2
lutheran,2
reality,2
shifting,2
securities,2
credit,2
tangled,2
dismayed,2
minnesota,2
food,2
speech,2
flutter,2
avoid,2
imagination,2
tuolomee,2
inventions,2
attached,2
invent,2
vulgar,2
notes,2
brisk,2
button,2
rent,2
contained,2
capable,2
arrangement,2
reporter,2
ambitious,2
freshness,2
torn,2
anchor,2
career,2
legally,2
tumbled,2
surer,2
fun,2
freedom,2
muscle,2
arrogant,2
supercilious,2
blond,2
unhappily,2
bench,2
match,2
prac,2
adding,2
accused,2
exercise,2
interrupt,2
trousers,2
duck,2
designs,2
garnished,2
neighbourhood,2
commanded,2
ewing,2
detroit,2
pompadour,2
defiantly,2
unknown,2
pointlessly,2
startlingly,2
miserably,2
intriguing,2
metallic,2
count,2
surface,2
corrugated,2
innuendo,2
saxophones,2
brass,2
makes,2
indefinite,2
examining,2
dreamed,2
visibly,2
simplest,2
none,2
possessions,2
baths,2
bathrooms,2
waste,2
salons,2
halls,2
drums,2
growing,2
bursts,2
break,2
sparkling,2
pleasantly,2
appropriate,2
inherited,2
twinkle,2
raining,2
glowed,2
shortcut,2
grocer,2
eager,2
willing,2
joy,2
floating,2
swing,2
ways,2
confident,2
arrivals,2
taxes,2
period,2
massed,2
acting,2
miserable,2
wildly,2
possible,2
unhappy,2
block,2
whitewashed,2
swell,2
groups,2
spilled,2
easier,2
horses,2
cynical,2
cousins,2
rigidly,2
luckily,2
graceful,2
horribly,2
tragically,2
november,2
smashed,2
leader,2
literally,2
acquaintances,2
rate,2
marred,2
mantelpiece,2
unmistakable,2
hostile,2
silly,2
overwhelming,2
ferdie,2
peering,2
dew,2
drops,2
mist,2
hollowly,2
cakes,2
scrutinized,2
shirt,2
flannel,2
nervously,2
triumph,2
original,2
honour,2
pressing,2
gloom,2
verandas,2
abandoned,2
search,2
pouring,2
reassure,2
fumbled,2
cups,2
soggy,2
turbulent,2
settee,2
prevented,2
formal,2
ticket,2
simplicity,2
according,2
cooked,2
struck,2
river,2
wicker,2
unwillingly,2
obliged,2
signs,2
unlike,2
coney,2
hated,2
contempt,2
paternal,2
tenor,2
forced,2
signed,2
jauntily,2
underneath,2
tough,2
offended,2
unreal,2
blazing,2
closer,2
scornful,2
splendour,2
coincidence,2
tent,2
barrier,2
busy,2
cordial,2
selling,2
americans,2
lonely,2
stove,2
roaring,2
moreover,2
advantage,2
fascinated,2
daughter,2
happiness,2
conscientious,2
motionless,2
hushed,2
delight,2
denied,2
amazed,2
roared,2
forehead,2
maid,2
groped,2
august,2
flowered,2
trip,2
sophisticated,2
everywhere,2
distinguished,2
bag,2
firm,2
eighty,2
cardboard,2
gown,2
resting,2
practice,2
privilege,2
taylor,2
roadster,2
largest,2
leaf,2
soothing,2
sidewalks,2
unexpectedly,2
engrossed,2
inevitable,2
banners,2
stare,2
commuting,2
apology,2
solemnly,2
benediction,2
hurry,2
jail,2
mindedness,2
faith,2
oddly,2
cuff,2
paused,2
infinite,2
ferocious,2
german,2
couples,2
whispers,2
boom,2
murmurous,2
snobbishly,2
missing,2
gloomily,2
memories,2
lapsed,2
nostrils,2
remembering,2
katspaugh,2
tiny,2
obscurely,2
cellar,2
testimony,2
narrowed,2
school,2
prep,2
obvious,2
softly,2
unpleasant,2
critical,2
palm,2
driven,2
limit,2
admission,2
splendid,2
blinds,2
carriages,2
rolled,2
degree,2
melancholy,2
girders,2
sends,2
alongside,2
holiday,2
motorcycle,2
spat,2
jug,2
astoria,2
hearse,2
sped,2
port,2
discuss,2
loafing,2
circular,2
argonne,2
lieutenant,2
elicited,2
struggles,2
brave,2
government,2
flight,2
twisting,2
push,2
guns,2
relief,2
leaking,2
jewels,2
leg,2
bear,2
mirrored,2
choked,2
swallowed,2
sideways,2
accusations,2
gruff,2
examined,2
wheeled,2
aged,2
overseas,2
phrases,2
marriage,2
influence,2
weekends,2
marshes,2
admiration,2
closing,2
linen,2
circles,2
fella,2
fide,2
bona,2
pushing,2
melody,2
boxes,2
brewer,2
peculiarly,2
represented,2
legion,2
henry,2
addition,2
riotous,2
ferret,2
answering,2
collapse,2
muttering,2
replaced,2
expect,2
hilarity,2
burden,2
fashionably,2
muldoon,2
earl,2
connected,2
boarder,2
orchid,2
cecil,2
beluga,2
automobile,2
sung,2
bowls,2
dimly,2
defiant,2
farther,2
edgar,2
cake,2
kindly,2
drowned,2
schedule,2
coldly,2
hilariously,2
honest,2
machines,2
crept,2
intentions,2
remotely,2
personality,2
understanding,2
perspiration,2
tennis,2
invitation,2
society,2
spectacles,2
stunts,2
numbers,2
contralto,2
letters,2
takes,2
rotten,2
fender,2
workmen,2
gestures,2
unbroken,2
advised,2
favour,2
ajar,2
endure,2
impossible,2
shifted,2
avoided,2
instinctively,2
witness,2
ball,2
gossip,2
midsummer,2
sharing,2
wasting,2
solitary,2
eventually,2
conceal,2
haughty,2
reasons,2
wheat,2
hedge,2
acquaintance,2
tongue,2
villages,2
delayed,2
elegant,2
precisely,2
racy,2
temperament,2
creative,2
lined,2
concentrated,2
rare,2
understandingly,2
identified,2
picking,2
generally,2
club,2
imagine,2
flicker,2
accounting,2
stale,2
harm,2
wha,2
perceived,2
glare,2
events,2
roofs,2
roadhouse,2
farm,2
runs,2
ghastly,2
missed,2
formality,2
hangs,2
painting,2
duster,2
tentatively,2
abortive,2
foul,2
nosed,2
restlessly,2
flashing,2
local,2
patron,2
recognized,2
tyre,2
nowhere,2
coolly,2
provincial,2
swamps,2
florid,2
descended,2
tradition,2
oil,2
tide,2
brushed,2
hunted,2
din,2
ditch,2
sensation,2
attracted,2
latest,2
vladmir,2
tumultuous,2
melted,2
jaunty,2
hurrying,2
swore,2
amazing,2
headlights,2
desired,2
eagerness,2
struggle,2
sees,2
clustered,2
joined,2
sworn,2
sunken,2
sweep,2
final,2
matters,2
correct,2
tanned,2
wavered,2
silhouette,2
indifferent,2
attempting,2
cheeks,2
determine,2
gasping,2
astonishment,2
falls,2
tall,2
regarding,2
remaining,2
chorus,2
issued,2
crisp,2
crossly,2
solicit,2
visit,2
whatsoever,2
restrictions,2
ein,1
revenue,1
internal,1
mississippi,1
organized,1
corporation,1
educational,1
501,1
profit,1
non,1
sections,1
2001,1
ensuring,1
goals,1
dramatic,1
survive,1
coursed,1
soprano,1
quavering,1
lyric,1
sobs,1
staff,1
subscribe,1
produce,1
includes,1
facility,1
pg,1
specimen,1
newsletter,1
brute,1
hart,1
michael,1
substitute,1
grandfather,1
founder,1
actress,1
dissension,1
asunder,1
quartet,1
husbands,1
fights,1
obstetrical,1
eluding,1
terrace,1
overhung,1
windowed,1
sounds,1
mornings,1
learned,1
jauntiness,1
wore,1
link,1
quartets,1
swooned,1
arrest,1
playfully,1
buccleuch,1
quantity,1
weeping,1
ineptly,1
carries,1
hardware,1
wholesale,1
civil,1
tightened,1
vinous,1
humorous,1
rivulets,1
inky,1
eyelashes,1
beaded,1
highly,1
deplorably,1
occupied,1
wayward,1
confined,1
leisurely,1
pepper,1
lustily,1
courses,1
stronger,1
trimmed,1
attractively,1
approving,1
ashamed,1
cat,1
frogs,1
joins,1
unquiet,1
seaward,1
hissed,1
diamond,1
intervals,1
attacks,1
flank,1
resorted,1
winded,1
kicking,1
dispute,1
credibility,1
malevolence,1
spite,1
sheepishly,1
selfish,1
sympathizing,1
indignant,1
explain,1
implored,1
fraternal,1
pungent,1
acre,1
vista,1
echolalia,1
drum,1
bass,1
privacy,1
concrete,1
swooning,1
convivial,1
puppyish,1
salute,1
howard,1
sigourney,1
gracefully,1
tantalizing,1
abstractedly,1
prominent,1
elations,1
offshore,1
philadelphia,1
reassuringly,1
familiarity,1
enjoined,1
apologize,1
discordant,1
blocking,1
chauffeurs,1
detachment,1
accounted,1
shorn,1
composition,1
jovial,1
carnegie,1
gentlemen,1
stimulating,1
background,1
corpulent,1
concluded,1
dismounted,1
illuminated,1
dukes,1
carraways,1
suicide,1
commit,1
bystanders,1
washing,1
mechanics,1
estate,1
hallway,1
demaine,1
straightening,1
bumped,1
motorboat,1
intimation,1
heavens,1
shrugged,1
astonishing,1
puzzled,1
observers,1
putting,1
reference,1
distaste,1
urban,1
inexperience,1
comprehensible,1
louisiana,1
occasionally,1
powdery,1
1915,1
graduated,1
nourished,1
pawing,1
dangling,1
sustained,1
declaration,1
criminal,1
lucky,1
sorrows,1
temporarily,1
preyed,1
reverse,1
ff,1
crescendo,1
caterwauling,1
upward,1
amputated,1
outa,1
apparition,1
blinded,1
contrary,1
farewell,1
wayside,1
peremptory,1
condescension,1
area,1
shrink,1
creak,1
crawls,1
westward,1
impressionability,1
flabby,1
responsiveness,1
egotism,1
nibble,1
depressed,1
bellows,1
organ,1
roller,1
shed,1
isolation,1
endowing,1
emptiness,1
surviving,1
wafer,1
quietly,1
blow,1
disapprove,1
lives,1
adventurous,1
vacation,1
department,1
potatoes,1
mashed,1
sausages,1
pig,1
restaurants,1
lunched,1
salesmen,1
probity,1
chasms,1
smiles,1
assure,1
constrained,1
rejoin,1
strong,1
chimneys,1
hills,1
ridges,1
lanes,1
madison,1
mellow,1
rioters,1
investments,1
studied,1
event,1
gloomiest,1
convey,1
published,1
33rd,1
murray,1
readiness,1
gift,1
unheard,1
taxis,1
sinking,1
district,1
theatre,1
throbbing,1
forties,1
boiled,1
prejudice,1
reassurance,1
poignant,1
loitered,1
haunting,1
metropolitan,1
hidden,1
warwick,1
affectations,1
account,1
banns,1
sixteenth,1
thoroughly,1
raid,1
migration,1
teutonic,1
uncle,1
roughneck,1
demands,1
satisfy,1
insolent,1
referring,1
snub,1
roses,1
pools,1
pumps,1
petrol,1
garages,1
tender,1
champion,1
wished,1
imagining,1
unintelligible,1
jokes,1
code,1
divergence,1
plane,1
safer,1
tangle,1
desires,1
relations,1
shrewd,1
clever,1
mistaken,1
retracted,1
caddy,1
proportions,1
round,1
semifinal,1
dishonesty,1
lull,1
elemental,1
significant,1
enjoying,1
uncontrollable,1
provocation,1
slightest,1
rowdy,1
banjoes,1
drip,1
subterfuges,1
dealing,1
unwillingness,1
disadvantage,1
dishonest,1
incurably,1
stage,1
vacuous,1
notorious,1
protested,1
flicked,1
deeply,1
blame,1
promises,1
sensitivity,1
heightened,1
successful,1
participated,1
century,1
eighth,1
division,1
entertainment,1
generalities,1
fragilely,1
nordic,1
disgusted,1
rumoured,1
tactfully,1
lip,1
moustache,1
signing,1
senior,1
retinas,1
gigantic,1
perceive,1
endlessly,1
bleak,1
twins,1
goats,1
noses,1
stationary,1
rug,1
hindenburg,1
von,1
twinkled,1
virtues,1
cardinal,1
suspects,1
earthquakes,1
register,1
intricate,1
related,1
beckers,1
subtle,1
voltaires,1
willie,1
hornbeams,1
maine,1
webster,1
bunsen,1
1922,1
5th,1
headed,1
disintegrating,1
spaces,1
crystal,1
pour,1
chrysties,1
ismays,1
whosoever,1
knickerbockers,1
endive,1
clarence,1
cotton,1
beaver,1
chrystie,1
auerbach,1
hubert,1
maurice,1
wine,1
rippled,1
frosted,1
libel,1
corroborated,1
peremptorily,1
blackbuck,1
aunts,1
tinny,1
scales,1
triangle,1
risen,1
bigger,1
crumbling,1
transcendent,1
sunny,1
wistfulness,1
controlled,1
leeches,1
schraeders,1
cheadles,1
etty,1
bum,1
whitebait,1
dancies,1
swett,1
ulysses,1
penitentiary,1
snell,1
snells,1
ripley,1
fishguards,1
georgia,1
abrams,1
jackson,1
stonewall,1
films,1
graceless,1
uncles,1
par,1
theatrical,1
profitably,1
newton,1
senator,1
gulick,1
schoen,1
roebuck,1
mulreadys,1
poles,1
importer,1
tobacco,1
hammerheads,1
flink,1
fontano,1
da,1
snatched,1
traps,1
banjo,1
relieving,1
individually,1
tortuously,1
betty,1
strangled,1
bembergs,1
catlips,1
mccarty,1
arthur,1
schwartz,1
cohen,1
clyde,1
eckhaust,1
fluctuate,1
traction,1
cleaned,1
gamble,1
lilly,1
ernest,1
jongs,1
gut,1
rot,1
legros,1
ed,1
promoter,1
kellehers,1
corrigans,1
approved,1
cheerfully,1
capitalists,1
russel,1
dennickers,1
backhyssons,1
chromes,1
bull,1
francis,1
duckweed,1
myer,1
lester,1
donavan,1
horace,1
waize,1
gus,1
privileged,1
excursions,1
hip,1
claudia,1
jewett,1
inevitably,1
mcclenahan,1
benny,1
palmetto,1
l,1
divorced,1
quinns,1
smirkes,1
belcher,1
w,1
scullys,1
dewars,1
confess,1
sporadic,1
grace,1
formless,1
lifting,1
resourcefulness,1
sterner,1
melodious,1
judy,1
gloria,1
consuela,1
jaqueline,1
unaffected,1
glimpses,1
duke,1
prince,1
reputed,1
windshields,1
labyrinth,1
terraced,1
toolboxes,1
hatboxes,1
triumphant,1
monstrous,1
peters,1
fitz,1
ardita,1
fiancée,1
haag,1
albrucksburger,1
brien,1
faustina,1
games,1
belasco,1
fooled,1
lectures,1
stoddard,1
volume,1
bookcases,1
lemme,1
durable,1
accidentally,1
dashboard,1
frequent,1
urgent,1
horn,1
noted,1
rocky,1
lurched,1
suns,1
nickel,1
impatient,1
tapping,1
restlessness,1
punctilious,1
deserves,1
evasions,1
generalized,1
overwhelmed,1
caramel,1
indecisively,1
closets,1
oak,1
realism,1
thoroughness,1
dimmed,1
shelves,1
unsteady,1
somewhat,1
ruin,1
lock,1
fling,1
anon,1
girlhood,1
unfinished,1
sentences,1
disconcerting,1
undefined,1
conservatory,1
moral,1
layers,1
pulling,1
extinction,1
francisco,1
san,1
bothered,1
ancestors,1
retribution,1
divine,1
flavoured,1
stories,1
claud,1
leaden,1
swarm,1
dumping,1
brood,1
paintless,1
piles,1
divisions,1
insignia,1
restrain,1
managed,1
hunting,1
chiefly,1
collecting,1
rome,1
venice,1
paris,1
capitals,1
rajah,1
otherwise,1
commission,1
die,1
advance,1
gap,1
battalion,1
gun,1
remains,1
boulogne,1
bois,1
tiger,1
pore,1
sawdust,1
turbaned,1
image,1
evoked,1
threadbare,1
allied,1
promoted,1
fascination,1
incredulity,1
appreciated,1
montenegrin,1
sympathized,1
troubled,1
comprehended,1
adriatic,1
decoration,1
sporting,1
pictures,1
rotogravure,1
whip,1
flags,1
lewis,1
sixteen,1
finance,1
hesitant,1
es,1
ascertained,1
ascertain,1
needn,1
bookshelves,1
impetuously,1
spasms,1
operations,1
obscure,1
screens,1
cloud,1
impenetrable,1
souvenirs,1
skimming,1
doncaster,1
quad,1
trinity,1
souvenir,1
valour,1
rex,1
nicolas,1
legend,1
danilo,1
di,1
orderi,1
authentic,1
ribbon,1
slung,1
transported,1
delays,1
frantic,1
pocketing,1
gnawings,1
depths,1
chest,1
canal,1
grand,1
flaming,1
tigers,1
skins,1
bat,1
cricket,1
spires,1
archway,1
blazers,1
undeserted,1
gilt,1
saloons,1
queensboro,1
nonolfactory,1
slum,1
cobbled,1
ships,1
oceangoing,1
belted,1
neared,1
correctness,1
overpopulated,1
faintest,1
consented,1
strangers,1
rode,1
tipping,1
boasting,1
birth,1
unequally,1
parcelled,1
decencies,1
fundamental,1
blackwell,1
sombre,1
pillars,1
twisted,1
scattered,1
fenders,1
panting,1
straining,1
sides,1
greater,1
yield,1
carved,1
panelled,1
gothic,1
inappropriate,1
wasteful,1
spectroscopic,1
guard,1
carefully,1
condescending,1
countryside,1
muscles,1
lumps,1
sugar,1
commissioner,1
tolerance,1
shuts,1
penny,1
southeastern,1
blooms,1
heaped,1
fanned,1
rivalry,1
eyeballs,1
yolks,1
bucks,1
westchester,1
issue,1
tossing,1
spades,1
lesser,1
bet,1
switched,1
ye,1
choosing,1
nobility,1
staid,1
representing,1
function,1
homogeneity,1
preserved,1
glinted,1
springs,1
asheville,1
negroes,1
modish,1
conduct,1
becker,1
extended,1
ballooned,1
expressive,1
addressing,1
nostril,1
luxuriated,1
growths,1
jew,1
anteroom,1
brightness,1
blinking,1
reserving,1
suppressions,1
permanently,1
speculation,1
balloon,1
anchored,1
buoyed,1
pleasing,1
electrocuted,1
belly,1
daylight,1
bastards,1
rosenthal,1
brooded,1
nymphs,1
presbyterian,1
abstraction,1
somnambulatory,1
startling,1
juxtaposition,1
spy,1
sceptically,1
argued,1
mumbles,1
thrill,1
confidentially,1
altered,1
bust,1
croirier,1
sooner,1
escort,1
inspected,1
rugs,1
groan,1
fluttering,1
rippling,1
impose,1
sportswoman,1
underhand,1
frankly,1
mysteries,1
inspect,1
arc,1
completed,1
roved,1
delicacy,1
atmosphere,1
forgetting,1
hash,1
succulent,1
rambling,1
germany,1
smart,1
blowing,1
burglar,1
million,1
molars,1
specimens,1
finest,1
ivory,1
composed,1
introduce,1
pleasure,1
gratified,1
colleges,1
denizen,1
becomes,1
offend,1
pass,1
dismal,1
passengers,1
barges,1
caterer,1
premature,1
friendly,1
dyed,1
finals,1
credulity,1
noun,1
imaginary,1
supplied,1
outstay,1
instinctive,1
sleeves,1
gambler,1
dentist,1
actor,1
disapproving,1
skirt,1
plaid,1
soles,1
smirk,1
contributory,1
exact,1
trick,1
disturbed,1
inspired,1
oculist,1
wag,1
nonexistent,1
soldiers,1
belief,1
compel,1
ceasing,1
murmuring,1
indeed,1
lamplight,1
tune,1
uninflected,1
knobs,1
rubber,1
happier,1
briefly,1
furious,1
cross,1
staggered,1
package,1
tore,1
companion,1
mumble,1
blindness,1
queens,1
borough,1
bandages,1
kerb,1
anyways,1
monopolizing,1
fay,1
february,1
début,1
shortsighted,1
footed,1
orleans,1
presumably,1
advanced,1
wept,1
post,1
membership,1
effectually,1
soldier,1
packing,1
circulating,1
tournaments,1
beaux,1
sometime,1
positively,1
washington,1
bungalow,1
wastebasket,1
april,1
chambermaids,1
ventura,1
dearies,1
enjoy,1
gratulate,1
sauterne,1
monkey,1
bridal,1
bridesmaid,1
valued,1
muhlbach,1
hired,1
circumstance,1
pomp,1
win,1
twin,1
impersonally,1
responded,1
unnaturally,1
advancing,1
passersby,1
rubbing,1
shiver,1
hooked,1
ammonia,1
spirits,1
dish,1
soap,1
tub,1
whoever,1
starlight,1
dispensed,1
talks,1
feebly,1
witty,1
paralysed,1
divan,1
insincerity,1
basic,1
unfathomable,1
fatten,1
slunk,1
knowledge,1
vehemently,1
whereabouts,1
theirs,1
englishmen,1
wisdom,1
beaten,1
heady,1
abstracted,1
uneasily,1
seas,1
fifties,1
movie,1
victoria,1
amour,1
irregularity,1
reputation,1
settle,1
deauville,1
cannes,1
womb,1
delivered,1
aspired,1
creep,1
belongs,1
araby,1
sheik,1
crickets,1
pursuing,1
combination,1
agonizingly,1
insurance,1
prosperous,1
earnest,1
hungry,1
dotted,1
determination,1
tanked,1
swirls,1
ill,1
flannels,1
majestic,1
fair,1
ears,1
universal,1
dealt,1
dipped,1
abandon,1
asking,1
wander,1
peninsula,1
modesty,1
tightening,1
blinding,1
cornices,1
disembodied,1
delicate,1
ninth,1
façade,1
expanse,1
darker,1
carelessly,1
suppressed,1
plunge,1
linger,1
conveyed,1
fractiousness,1
bordered,1
drawbridge,1
bounded,1
sardines,1
seek,1
rout,1
roadside,1
glints,1
elongating,1
responsive,1
hoping,1
shying,1
choice,1
rendered,1
tactlessly,1
offer,1
crises,1
lightheaded,1
confidential,1
confidently,1
beginnings,1
uncertainly,1
receptacles,1
greenhouse,1
unnecessary,1
alleys,1
velvet,1
robin,1
amusement,1
behaviour,1
conducted,1
dodge,1
eddies,1
erroneous,1
settler,1
pathfinder,1
guide,1
obligingly,1
attend,1
connecting,1
deaf,1
ether,1
born,1
eats,1
mower,1
dragging,1
raincoat,1
gaudily,1
blazed,1
shop,1
delicatessen,1
lemon,1
reproachfully,1
journal,1
judging,1
sleeplessness,1
tie,1
elsewhere,1
guts,1
glide,1
joyous,1
follies,1
understudy,1
gray,1
gilda,1
harrowed,1
lane,1
knocking,1
deserted,1
happenings,1
alarming,1
bleared,1
tread,1
economics,1
clay,1
vacant,1
swam,1
occasional,1
cooled,1
quivering,1
revelation,1
tonic,1
plagiaristic,1
revelations,1
horizon,1
distraught,1
defunct,1
boredom,1
counterfeit,1
reclining,1
levity,1
ripple,1
exhilarating,1
dearest,1
cornered,1
lilac,1
dripping,1
whomsoever,1
chatting,1
cafés,1
resented,1
fill,1
contiguous,1
ministering,1
dumps,1
seizes,1
opal,1
gypsies,1
rackrent,1
castle,1
paint,1
dash,1
streak,1
tropical,1
dangerously,1
tilt,1
endured,1
awfully,1
choking,1
stalked,1
glaring,1
puddle,1
weights,1
idiotically,1
commonplace,1
muster,1
burn,1
employer,1
frisco,1
fence,1
assumption,1
repairs,1
trail,1
swiftly,1
prodigality,1
pitches,1
opera,1
cottages,1
criticism,1
irrelevant,1
lean,1
surname,1
hinted,1
needless,1
sedative,1
knotted,1
circuit,1
gusts,1
swelling,1
cautiously,1
unforgettable,1
rude,1
alarm,1
calmness,1
conscientiously,1
amid,1
demoniac,1
desperate,1
automatic,1
constantly,1
building,1
bobbed,1
stouter,1
weave,1
wanderers,1
dissolve,1
compact,1
aching,1
neighbouring,1
craze,1
steeple,1
kant,1
prehistoric,1
muddy,1
abounded,1
irregular,1
fabric,1
meditatively,1
spoonful,1
shone,1
peasantry,1
obstinate,1
serfs,1
decline,1
refusal,1
thatched,1
owners,1
grieving,1
varies,1
permeate,1
rounds,1
castile,1
shawls,1
earn,1
arched,1
catches,1
humiliation,1
recurrent,1
radiated,1
exultation,1
confounding,1
smeared,1
vestige,1
noise,1
enchanting,1
postern,1
gleamed,1
rows,1
proposed,1
jonquils,1
feudal,1
aspect,1
murmurs,1
chartreuse,1
adam,1
hungrily,1
hardy,1
mastered,1
stunned,1
draws,1
sufficiency,1
exhibition,1
arose,1
fluttered,1
drug,1
piccolos,1
cornets,1
conviction,1
lurches,1
brighter,1
meetings,1
enthusiastic,1
introductions,1
toilet,1
wash,1
merton,1
antoinette,1
marie,1
blossoms,1
hawthorn,1
frothy,1
cabinets,1
wandering,1
exercises,1
liver,1
pyjamas,1
dishevelled,1
chamber,1
intruding,1
poolrooms,1
swathed,1
shaded,1
smoothed,1
brush,1
pure,1
parked,1
swimmers,1
stormily,1
indian,1
monograms,1
orange,1
dresser,1
toppled,1
astounding,1
dazed,1
response,1
measure,1
revalued,1
cupboard,1
bricks,1
piled,1
ties,1
gowns,1
selection,1
buys,1
stacks,1
elderly,1
squarely,1
wanting,1
recovering,1
wound,1
pitch,1
inconceivable,1
teeth,1
consumed,1
unreasoning,1
entering,1
funniest,1
sobbed,1
female,1
cordials,1
liquors,1
gins,1
stocked,1
rail,1
colours,1
primary,1
apple,1
coral,1
plaids,1
scrolls,1
stripes,1
heap,1
disarray,1
pile,1
billow,1
clippings,1
adore,1
griefs,1
conscious,1
fragments,1
subjects,1
urgency,1
compared,1
burns,1
grounds,1
conferred,1
viols,1
trombones,1
oboes,1
pitful,1
harlequin,1
salads,1
hams,1
baked,1
spiced,1
oeuvre,1
hors,1
tables,1
buffet,1
decently,1
scanty,1
rimmed,1
shell,1
accompanied,1
satisfactorily,1
foamy,1
feather,1
decking,1
privy,1
politician,1
unjustly,1
plays,1
spasm,1
hue,1
nebulous,1
sneakers,1
clothed,1
ain,1
gaudy,1
turkeys,1
pigs,1
pastry,1
extract,1
halves,1
pulpless,1
pyramid,1
monday,1
fruiterer,1
reveal,1
nest,1
bounced,1
lamp,1
switch,1
preoccupation,1
feigned,1
frequently,1
unsought,1
confidences,1
illusion,1
bewilderment,1
meantime,1
richer,1
generating,1
plunging,1
thunder,1
authorities,1
notoriety,1
random,1
laudable,1
pack,1
lacing,1
anaemic,1
spiritless,1
juice,1
corps,1
fortnight,1
thumb,1
shops,1
cruel,1
leverage,1
transpired,1
deathless,1
feverish,1
fluctuating,1
adjusted,1
challenge,1
insidious,1
witnessed,1
specific,1
passion,1
pants,1
dakota,1
secretly,1
canada,1
pipeline,1
underground,1
legends,1
contemporary,1
faithful,1
meretricious,1
passionate,1
bewitched,1
mondays,1
bug,1
scampered,1
caterers,1
fisher,1
salmon,1
digger,1
clam,1
reveries,1
embrace,1
follows,1
crunch,1
fright,1
tottered,1
imperceptibly,1
platonic,1
unsuccessful,1
shiftless,1
catch,1
rowboat,1
ticked,1
spun,1
gaudiness,1
ineffable,1
conceits,1
riot,1
indifference,1
absorption,1
hysterical,1
ignorant,1
virgins,1
spoiled,1
bracing,1
lazy,1
fierce,1
hardening,1
friday,1
ravages,1
repairing,1
shears,1
hammers,1
brushes,1
scrubbing,1
mops,1
toiled,1
millionaire,1
oblivious,1
drowsiness,1
fancies,1
pattern,1
soaked,1
washstand,1
southern,1
olaf,1
led,1
glory,1
wing,1
fairy,1
securely,1
unreality,1
satisfactory,1
outlet,1
suspecting,1
robust,1
investment,1
banking,1
volumes,1
crates,1
barbary,1
copper,1
montana,1
transactions,1
seventy,1
yukon,1
nevada,1
product,1
shallows,1
despising,1
railed,1
oars,1
shores,1
hospitable,1
coasting,1
1902,1
boston,1
journalism,1
turgid,1
weakness,1
maintenon,1
ramifications,1
savoury,1
separate,1
lavish,1
jailor,1
secretary,1
skipper,1
mate,1
steward,1
employed,1
coast,1
singularly,1
intact,1
ecstatically,1
compulsion,1
indies,1
duluth,1
extravagantly,1
brand,1
glamour,1
deck,1
frontier,1
seaboard,1
debauchee,1
pioneer,1
portrait,1
inhospitably,1
searchingly,1
device,1
legacy,1
letting,1
rub,1
saloon,1
brothel,1
board,1
indefinitely,1
reposing,1
contingencies,1
doings,1
antecedents,1
exploding,1
substantiality,1
education,1
morgan,1
bearing,1
omnibus,1
royce,1
rolls,1
foam,1
cataracts,1
aquaplanes,1
waters,1
slit,1
overcoat,1
difficult,1
irrelevantly,1
mourning,1
cunard,1
nightingale,1
gruffly,1
saddening,1
roads,1
lemonade,1
ringing,1
previously,1
horseback,1
senile,1
ingratiate,1
trotting,1
mostly,1
association,1
misconceptions,1
believing,1
tribune,1
maecenas,1
lever,1
health,1
motorboats,1
raft,1
diving,1
celebrity,1
foliage,1
disappearing,1
trotted,1
fish,1
fashioned,1
concentrating,1
shouldn,1
questioningly,1
ver,1
lounged,1
standards,1
harshness,1
keyed,1
profusion,1
stands,1
oppressiveness,1
perturbed,1
ceremoniously,1
secrets,1
unfold,1
brook,1
beast,1
portfolio,1
clad,1
sheets,1
dignity,1
needs,1
yelling,1
hitherto,1
recognition,1
accompanies,1
indicated,1
roamed,1
marvellous,1
excite,1
tricks,1
adjustment,1
powers,1
expended,1
septic,1
tipsy,1
pencil,1
slump,1
obtrusive,1
euphemisms,1
chafed,1
vigour,1
fishing,1
begotten,1
flood,1
watchfully,1
foxtrot,1
conservative,1
danced,1
producer,1
celebrities,1
pleased,1
countered,1
ray,1
operate,1
shakes,1
abnormal,1
bores,1
veteran,1
victim,1
crunched,1
bootleggers,1
affirmed,1
screaming,1
defence,1
urging,1
lethargic,1
massive,1
inquiry,1
tapestry,1
fluently,1
bleeding,1
despairing,1
aid,1
articles,1
stumbled,1
daze,1
doze,1
pain,1
bathroom,1
haze,1
unprecedented,1
inarguably,1
ultimate,1
stoop,1
incalculable,1
absent,1
totally,1
possibilities,1
casualness,1
newly,1
rouged,1
volleying,1
inhabitants,1
herded,1
fate,1
sweetly,1
rhythmic,1
shower,1
whisperings,1
chandelier,1
decide,1
obliterated,1
unimportant,1
coherence,1
trembled,1
unashamed,1
subdued,1
stirred,1
menagerie,1
normal,1
detect,1
encounter,1
magical,1
authentically,1
marvelled,1
unbelievable,1
ford,1
unprosperous,1
unconvincingly,1
complain,1
jovially,1
plans,1
successfully,1
epigram,1
specialists,1
editorials,1
unwavering,1
waltz,1
neat,1
rolling,1
fruit,1
measures,1
favours,1
discarded,1
rinds,1
warning,1
grasped,1
hesitantly,1
honestly,1
happening,1
depression,1
guestrooms,1
exalted,1
chilled,1
devotion,1
midas,1
sumptuous,1
crouched,1
pap,1
suck,1
climbed,1
climb,1
ladder,1
grudging,1
blot,1
bustle,1
humming,1
changes,1
disordered,1
loving,1
recover,1
determinedly,1
lurking,1
ventured,1
ashtrays,1
massage,1
bloody,1
dai,1
discussing,1
sisters,1
incarnation,1
blossomed,1
fork,1
tuning,1
romp,1
perishable,1
visions,1
wed,1
incomparable,1
gulp,1
dampened,1
nope,1
squinted,1
villainous,1
sulkily,1
trimalchio,1
highest,1
uncommunicable,1
elusive,1
sentimentality,1
appalling,1
dried,1
action,1
clenched,1
fists,1
write,1
occasion,1
mouthpiece,1
master,1
bell,1
pyjama,1
brothers,1
disapproval,1
caravansary,1
fired,1
supplies,1
moderate,1
tradesmen,1
bribed,1
servant,1
slammed,1
rudely,1
pocketbook,1
despairingly,1
athlete,1
tan,1
fans,1
weighing,1
perspired,1
combustion,1
simmering,1
biscuit,1
whistles,1
tunnel,1
warmest,1
broiling,1
outlined,1
harrowing,1
smouldering,1
nerves,1
facet,1
chine,1
crêpe,1
facing,1
formations,1
curiosities,1
dislike,1
stain,1
commutation,1
conductor,1
extreme,1
weary,1
gasped,1
slapped,1
bosom,1
idols,1
awnings,1
shadowed,1
affront,1
needlessly,1
salon,1
expects,1
furnish,1
freshly,1
guiltily,1
fireplace,1
clog,1
kissing,1
effeminate,1
dominance,1
watcher,1
secrecy,1
contributed,1
ropes,1
shirtfront,1
pretend,1
fresher,1
flowed,1
stirring,1
painted,1
altogether,1
flung,1
cynically,1
obligations,1
annoyance,1
rumour,1
disciplined,1
sweetheart,1
insistently,1
pammy,1
wrinkle,1
existence,1
yellowy,1
shyly,1
rooted,1
relinquished,1
crooned,1
leading,1
laundered,1
extends,1
repelled,1
darkening,1
weedy,1
beds,1
king,1
cymbals,1
crawled,1
sail,1
stagnant,1
colder,1
seems,1
hotter,1
swallows,1
greedy,1
tension,1
rickeys,1
gin,1
preceding,1
sandwiches,1
excepting,1
sweetie,1
resumed,1
band,1
communities,1
pointless,1
senselessness,1
moulding,1
struggled,1
ourselves,1
darkened,1
isles,1
abounding,1
ocean,1
scalloped,1
jingle,1
charm,1
indiscreet,1
notions,1
curve,1
shuffling,1
fuss,1
smoked,1
temper,1
resemble,1
astounded,1
indefinable,1
swank,1
strident,1
entangled,1
eastward,1
admire,1
roughly,1
establishment,1
dusty,1
abrupt,1
gauge,1
boisterously,1
plenty,1
distasteful,1
shift,1
capes,1
cloth,1
quart,1
wears,1
helpfully,1
humorously,1
cement,1
mingling,1
hurriedly,1
marry,1
barnyard,1
hemisphere,1
domesticated,1
harshly,1
abyss,1
theoretical,1
overtook,1
contingency,1
tells,1
oppressive,1
gears,1
circus,1
baking,1
stalled,1
caution,1
fading,1
irritable,1
snob,1
snorted,1
mexico,1
parallel,1
alighted,1
confuse,1
relentless,1
dollar,1
wised,1
thickish,1
walls,1
rapid,1
suddenness,1
flash,1
flurry,1
shading,1
handle,1
tank,1
unscrewed,1
whips,1
simple,1
terror,1
jealous,1
curiously,1
developing,1
observed,1
giant,1
blows,1
lick,1
fit,1
ambiguously,1
spotted,1
sensuously,1
flesh,1
inviolate,1
locality,1
unforgivably,1
intelligence,1
discovery,1
signalled,1
fruits,1
sorts,1
overripe,1
argue,1
wit,1
regret,1
lingering,1
devoid,1
napkin,1
fiftieth,1
easygoing,1
spidery,1
double,1
accelerator,1
precipitately,1
slipping,1
gyped,1
marseilles,1
discreet,1
originated,1
notion,1
snake,1
climbing,1
reserved,1
communicative,1
eludes,1
herding,1
prolonged,1
parlour,1
engaging,1
explicable,1
dart,1
traffic,1
cursing,1
truck,1
fly,1
perpetual,1
columbus,1
ovals,1
eggs,1
kike,1
vigorously,1
declared,1
tennessee,1
axe,1
respectfully,1
fixing,1
stifling,1
clerk,1
baffled,1
hire,1
exchanging,1
entry,1
tag,1
superficial,1
size,1
elaborateness,1
class,1
hum,1
splashed,1
nail,1
crabbing,1
memphis,1
irreverent,1
appended,1
thirties,1
overheard,1
intermarriage,1
overboard,1
institutions,1
sneering,1
dismally,1
march,1
mendelssohn,1
natures,1
inclined,1
thank,1
insulting,1
tattoo,1
mediterranean,1
reflected,1
sundials,1
frown,1
awaited,1
chefs,1
implying,1
ecstasy,1
flounced,1
silently,1
coarse,1
flush,1
retorted,1
bumming,1
asa,1
yea,1
cheer,1
ceremony,1
putter,1
aluminium,1
gibberish,1
smiling,1
experienced,1
renewals,1
slap,1
universities,1
unbelief,1
cleared,1
foolish,1
groceries,1
clergyman,1
vicariously,1
bottom,1
training,1
lowered,1
framed,1
revolting,1
sagely,1
chase,1
polish,1
polisher,1
extemporizing,1
remind,1
quickened,1
partake,1
firmness,1
competitive,1
prig,1
libertine,1
transition,1
tempted,1
modern,1
pitiful,1
bite,1
realizes,1
annoy,1
magnanimous,1
rancour,1
tenderness,1
bowl,1
punch,1
suffocating,1
kapiolani,1
appeal,1
blindly,1
treat,1
octave,1
dropping,1
features,1
modelling,1
hôtel,1
imitation,1
factual,1
dissimilarity,1
phenomenon,1
wingless,1
wilhelm,1
alcohol,1
grain,1
steadily,1
steal,1
swindler,1
nonsense,1
afford,1
cooling,1
undespairingly,1
fought,1
defending,1
denying,1
slander,1
babbled,1
balance,1
terrified,1
shutting,1
betting,1
lurch,1
clamour,1
foreign,1
mineral,1
audibly,1
tumult,1
latter,1
visitor,1
laughing,1
exulting,1
menacing,1
birthday,1
unopened,1
pity,1
advantages,1
criticizing,1
flirtation,1
presumptuous,1
principal,1
joint,1
greek,1
persuade,1
refused,1
slept,1
moan,1
wailing,1
intent,1
nearer,1
reassuring,1
formidable,1
lazily,1
wise,1
briefcase,1
fade,1
arguments,1
limits,1
sympathy,1
smaller,1
contrast,1
brilliant,1
strand,1
pose,1
wonderful,1
disdain,1
eyebrow,1
rejected,1
shiftlessness,1
glances,1
colourless,1
agreeable,1
neighbours,1
astonished,1
racket,1
smoky,1
pivot,1
carriage,1
flap,1
blood,1
mingled,1
knelt,1
mavro,1
shouting,1
doorposts,1
threshold,1
clamorously,1
echoed,1
kaiser,1
noisy,1
revolving,1
chill,1
suffered,1
expostulation,1
thrusting,1
hasn,1
knock,1
blankets,1
stopus,1
cadet,1
accentuated,1
scrawny,1
fourth,1
eggers,1
sensibilities,1
overlooking,1
mincing,1
gruffness,1
tighten,1
wad,1
grasping,1
theme,1
erect,1
breasted,1
complacency,1
deserting,1
ina,1
antly,1
ins,1
hit,1
auto,1
fiercely,1
worktable,1
weird,1
bushes,1
disposed,1
rustling,1
whimpered,1
overflowing,1
authoritative,1
fried,1
plate,1
avoiding,1
authoritatively,1
doll,1
truculent,1
upright,1
knees,1
collapsed,1
continual,1
attired,1
photographed,1
adorable,1
homes,1
eberhardt,1
appendicitis,1
cheat,1
torpedoes,1
pavilions,1
steady,1
disliked,1
rob,1
occupation,1
despicable,1
luminosity,1
sill,1
rift,1
rectangle,1
dined,1
traversed,1
border,1
brutality,1
brake,1
emergency,1
winced,1
nerve,1
switches,1
creaking,1
remarkable,1
undergone,1
rustle,1
vibrant,1
echoes,1
wanly,1
dejection,1
heavy,1
warn,1
foghorn,1
sacredness,1
scrutiny,1
conspiring,1
intimacy,1
earnestness,1
bottles,1
indiscernible,1
capacities,1
unrevealed,1
barbed,1
despise,1
whim,1
acknowledged,1
extravaganza,1
malice,1
clutching,1
consider,1
montreal,1
atlantic,1
trace,1
humidor,1
aired,1
keys,1
splash,1
glorious,1
ravenously,1
cloak,1
communicated,1
parting,1
tranquil,1
shades,1
value,1
withered,1
motorcars,1
laid,1
romances,1
corridors,1
activities,1
ripe,1
desirable,1
excitingly,1
luxury,1
betrayed,1
grail,1
suggestiveness,1
summing,1
orchestras,1
comfortable,1
facilities,1
strata,1
security,1
phantom,1
traded,1
pretences,1
false,1
despised,1
unscrupulously,1
captain,1
extraordinarily,1
gently,1
shaped,1
crying,1
dying,1
abroad,1
ambitions,1
describe,1
preserves,1
imprisons,1
wealth,1
overwhelmingly,1
huskier,1
squeaked,1
shine,1
beale,1
hopeless,1
wailed,1
tunes,1
revisiting,1
journey,1
measured,1
snobbery,1
reassured,1
misunderstanding,1
complication,1
frantically,1
divisional,1
command,1
majority,1
battles,1
doubtless,1
bulkiness,1
wholesome,1
arrival,1
practicality,1
unquestionable,1
pipes,1
former,1
drowsing,1
dates,1
petals,1
fever,1
throbbed,1
shuffled,1
slippers,1
blues,1
trolley,1
buildings,1
backs,1
folding,1
vestibule,1
coach,1
harder,1
pervaded,1
quotations,1
thanking,1
suspect,1
result,1
sharper,1
challengingly,1
birds,1
filling,1
rag,1
cahoots,1
disapproved,1
corroborate,1
decent,1
apologetically,1
spots,1
exasperated,1
click,1
rigid,1
tactful,1
flavour,1
freshest,1
snatch,1
vanishing,1
curved,1
photographer,1
artistic,1
greeting,1
respectful,1
acres,1
ivy,1
spanking,1
expanded,1
assertions,1
hauteur,1
infinitesimal,1
thanked,1
incorruptible,1
concealing,1
corruption,1
ancestral,1
hempstead,1
sailing,1
divot,1
clubs,1
hotels,1
uncertainty,1
swivel,1
stock,1
blurted,1
pot,1
irresistibly,1
rocked,1
setting,1
languid,1
ectoplasm,1
enlargement,1
flinched,1
bruised,1
shapes,1
nordics,1
checker,1
imperatively,1
wedging,1
interruption,1
reciprocal,1
lapped,1
intolerable,1
ambulance,1
unable,1
locating,1
achievement,1
garrulous,1
tissue,1
yesterday,1
braided,1
bathing,1
inquiring,1
expensive,1
nearest,1
bewildered,1
rocking,1
priest,1
stained,1
tearing,1
thudding,1
beetles,1
distract,1
clumsy,1
grateful,1
pane,1
dissolving,1
scurried,1
shots,1
protégés,1
quickening,1
forlorn,1
trusting,1
hm,1
widened,1
murdered,1
strain,1
comforter,1
conceivably,1
odd,1
shouldered,1
repair,1
instructions,1
pneumatic,1
phoned,1
mouthed,1
rope,1
drill,1
endless,1
thereabout,1
strength,1
motorists,1
cup,1
sandwich,1
traced,1
watchers,1
cluster,1
disturb,1
irregularly,1
ripples,1
barely,1
rushing,1
afterwards,1
reduced,1
mischief,1
brow,1
coroner,1
amorphous,1
gliding,1
fortuitously,1
price,1
yellowing,1
momentum,1
unrestfully,1
mass,1
upholstery,1
immoderately,1
possessively,1
haste,1
jingled,1
bracelets,1
pottery,1
clicking,1
sheet,1
holocaust,1
transit,1
tracing,1
revolved,1
showed,1
pasquinade,1
tale,1
circumstantial,1
nightmare,1
authority,1
adventitious,1
detective,1
positive,1
solidarity,1
defiance,1
superfluous,1
token,1
unlocked,1
converted,1
irrecoverable,1
reluctantly,1
visitors,1
rung,1
baggage,1
responsible,1
breathe,1
referred,1
surmise,1
catastrophe,1
unessential,1
postpone,1
sender,1
telegram,1
squawk,1
exclamation,1
hick,1
huh,1
unrestrained,1
ejaculated,1
hey,1
slagle,1
addenda,1
truly,1
tied,1
shocks,1
embroidered,1
build,1
impressively,1
arrangements,1
vest,1
height,1
unpunctual,1
reverent,1
remarking,1
sickantired,1
scolded,1
slide,1
sparse,1
umbrella,1
continuously,1
leaked,1
ulster,1
bundled,1
vain,1
swastika,1
bitterly,1
sneer,1
deserved,1
friendship,1
suggest,1
bitter,1
quivered,1
transaction,1
picnic,1
greenwich,1
staying,1
sightseeing,1
stiffly,1
coverlet,1
gutter,1
job,1
poolroom,1
winebrenner,1
medals,1
cover,1
cassidy,1
hopalong,1
winking,1
races,1
dominant,1
reads,1
stella,1
unmistakably,1
tunelessly,1
rosary,1
jewess,1
partition,1
bouncing,1
hatted,1
shown,1
partial,1
overlooked,1
normandy,1
ville,1
cheekbone,1
feminine,1
colonial,1
georgian,1
partnership,1
bulbous,1
albany,1
client,1
gentlemanly,1
1906,1
12,1
flyleaf,1
december,1
union,1
flickered,1
sunset,1
pathetic,1
art,1
slight,1
lingeringly,1
generous,1
success,1
lately,1
vulnerable,1
invilliers,1
milky,1
complexion,1
millionaires,1
hog,1
et,1
paul,1
milwaukee,1
murky,1
chewing,1
smokeing,1
indecipherable,1
shafters,1
poise,1
elocution,1
practise,1
baseball,1
electricity,1
scaling,1
dumbell,1
coats,1
bid,1
gaieties,1
holly,1
frosty,1
sleigh,1
gather,1
straggled,1
amen,1
resentment,1
protecting,1
marvelling,1
splashing,1
postman,1
blink,1
item,1
brace,1
stations,1
wisconsin,1
tracks,1
el,1
distortion,1
spared,1
gloved,1
clasped,1
tickets,1
schultzes,1
herseys,1
ordways,1
invitations,1
matchings,1
frozen,1
decades,1
dwellings,1
complacent,1
winters,1
wreaths,1
awkward,1
laundry,1
brittle,1
lamps,1
swede,1
prairies,1
indistinguishably,1
identity,1
unutterably,1
vestibules,1
breaths,1
lustreless,1
overhanging,1
sullen,1
crouching,1
conventional,1
greco,1
kill,1
grabbed,1
inquisitions,1
ohio,1
sprawling,1
superiority,1
unadaptable,1
subtly,1
deficiency,1
westerners,1
doubted,1
glove,1
fingerless,1
tint,1
illustration,1
obliging,1
entrance,1
fare,1
drivers,1
cares,1
sparkles,1
dangles,1
drunken,1
lies,1
stretcher,1
foreground,1
creatures,1
justified,1
forgive,1
sideboard,1
suffering,1
revolver,1
melt,1
inessential,1
ferryboat,1
adapting,1
interference,1
aggressive,1
tremendously,1
straightforward,1
dizzy,1
experience,1
chapter,1
although,1
cast,1
hazy,1
twice,1
alignment,1
angle,1
rakish,1
republic,1
squeamishness,1
rid,1
necklace,1
pearl,1
mess,1
carelessness,1
retreated,1
replace,1
borne,1
shadowy,1
sprawled,1
stone,1
raspingly,1
erased,1
scrawled,1
failure,1
packed,1
trunk,1
investigate,1
vividly,1
dazzling,1
worldly,1
commenced,1
sticky,1
unthoughtful,1
obscurity,1
grasp,1
fail,1
brooding,1
commensurate,1
contemplation,1
aesthetic,1
transitory,1
greatest,1
pandered,1
sailors,1
dutch,1
renamed,1
previous,1
creation,1
apply,1
boats,1
recedes,1
orgiastic,1
zelda,1
alex,1
credits,1
language,1
performances,1
plucked,1
saucer,1
apathetically,1
decomposed,1
tin,1
inhabited,1
cowered,1
rockefeller,1
john,1
enlarged,1
glittered,1
palaces,1
anticlimax,1
savours,1
compilation,1
proved,1
goddard,1
empires,1
discontented,1
california,1
fervent,1
ferociously,1
tapestried,1
countenance,1
bonnet,1
selected,1
echoing,1
perfume,1
print,1
commercial,1
practically,1
modified,1
contents,1
australia,1
cabal,1
muslin,1
figured,1
recent,1
countries,1
govern,1
easily,1
prevent,1
claim,1
pglaf,1
preserve,1
possession,1
cease,1
abide,1
file,1
appear,1
representations,1
downloading,1
accomplishments,1
stumble,1
regal,1
slice,1
cab,1
158th,1
interposed,1
ponies,1
instance,1
perform,1
corky,1
confessed,1
uncivilized,1
dread,1
anticipation,1
preceded,1
languidly,1
slenderly,1
unprotected,1
charges,1
texts,1
derived,1
viewed,1
performed,1
displayed,1
accessed,1
processing,1
nonproprietary,1
binary,1
convert,1
redistribute,1
flask,1
purchases,1
homecoming,1
notifies,1
returns,1
periodic,1
fastened,1
radiantly,1
pessimist,1
crops,1
claret,1
display,1
containing,1
files,1
remove,1
detach,1
unlink,1
linked,1
imposed,1
admiringly,1
washrag,1
pastoral,1
rapture,1
weatherproof,1
fondled,1
settled,1
20,1
reasonable,1
viewing,1
include,1
alternate,1
exporting,1
expense,1
version,1
hypertext,1
transcribe,1
identify,1
required,1
60,1
owed,1
calculate,1
method,1
calculated,1
derive,1
profits,1
gross,1
2021,1
17,1
release,1
wistfully,1
seeking,1
disclaim,1
codes,1
virus,1
disk,1
damaged,1
author,1
title,1
discontinue,1
require,1
mail,1
corrupt,1
inaccurate,1
incomplete,1
defects,1
despite,1
proofread,1
breed,1
indeterminate,1
puppies,1
fashion,1
enormously,1
sheep,1
flock,1
backed,1
turbulence,1
remedies,1
expend,1
employees,1
manager,1
2025,1
26,1
64317,1
infringement,1
errors,1
data,1
discover,1
possibility,1
incidental,1
punitive,1
consequential,1
indirect,1
direct,1
distributor,1
contract,1
strict,1
negligence,1
undoubtedly,1
wriggling,1
sending,1
receiving,1
exclusion,1
disclaimers,1
allow,1
fitness,1
merchantability,1
charities,1
regulating,1
irs,1
maintaining,1
000,1
outdated,1
array,1
accessible,1
licensed,1
provisions,1
void,1
provision,1
unenforceability,1
invalidity,1
maximum,1
interpreted,1
violates,1
types,1
widespread,1
entertained,1
entertain,1
knuckle,1
problem,1
opportunities,1
elect,1
obsolete,1
formats,1
synonymous,1
deletions,1
additions,1
modification,1
alteration,1
occur,1
arise,1
harmless,1
promotion,1
production,1
employee,1
agent,1
indemnify,1
indemnity,1
depends,1
1887,1
596,1
801,1
84116,1
ut,1
1500,1
809,1
extent,1
deductible,1
6221541,1
64,1
reaching,1
assistance,1
financial,1
exists,1
charitable,1
edition,1
necessarily,1
volunteer,1
network,1
shared,1
originator,1
unsolicited,1
accepting,1
prohibition,1
solicitation,1
inconsequence,1
bantering,1
unobtrusively,1
kidding,1
50,1
professor,1
checks,1
methods,1
donation,1
identification,1
paperwork,1
locations,1
swamp,1
treatment,1
statements,1
gratefully,1
international,1
offers,1
approach,1
donors,1
web,1
